CustomerID,Lookalike1,Score1,Lookalike2,Score2,Lookalike3,Score3
C0001,C0085,0.999999,C0042,0.999822,C0089,0.999785
C0002,C0157,0.999994,C0166,0.999875,C0029,0.999825
C0003,C0111,0.994008,C0160,0.990455,C0147,0.987638
C0004,C0162,1.0,C0165,0.999959,C0090,0.998641
C0005,C0080,0.999982,C0167,0.999975,C0177,0.999928
